{"cameraMode":{"drawMode":0,"name":"Shaded","section":"Shading Mode"},"sceneLighting":false,"audioPlay":false,"sceneViewState":{"showFog":true,"showMaterialUpdate":false,"showSkybox":true,"showFlares":true,"showImageEffects":true,"showParticleSystems":true,"showVisualEffectGraphs":true,"m_FxEnabled":true},"in2DMode":false,"pivot":{"x":34.31509780883789,"y":4.723638534545898,"z":35.271202087402347},"rotation":{"x":-0.1955421268939972,"y":0.0008905775612220168,"z":-0.00020013056928291917,"w":-0.9807018637657166},"size":1.6721651554107667,"orthographic":false}