{"cameraMode":{"drawMode":0,"name":"Shaded","section":"Shading Mode"},"sceneLighting":false,"audioPlay":false,"sceneViewState":{"showFog":true,"showMaterialUpdate":false,"showSkybox":true,"showFlares":true,"showImageEffects":true,"showParticleSystems":true},"in2DMode":false,"pivot":{"x":2.3998992443084719,"y":3.5251080989837648,"z":18.82257843017578},"rotation":{"x":0.14067195355892182,"y":-0.4856388568878174,"z":0.07953580468893051,"w":0.8591055870056152},"size":1.6721651554107667,"orthographic":false}