{"cameraMode":{"drawMode":0,"name":"Shaded","section":"Shading Mode"},"sceneLighting":true,"audioPlay":false,"sceneViewState":{"showFog":false,"showMaterialUpdate":false,"showSkybox":false,"showFlares":false,"showImageEffects":false,"showParticleSystems":false},"in2DMode":false,"pivot":{"x":16.395809173583986,"y":26.84040641784668,"z":-9.230270385742188},"rotation":{"x":-0.3685016334056854,"y":-0.004734376445412636,"z":0.0018781482940539718,"w":-0.9296225309371948},"size":14.07437515258789,"orthographic":false}